Peptide,AmyLoad,AmyloGram,ThT
SFLIFL,amyloid,amyloid,non-amyloid
ISFLIF,amyloid,amyloid,amyloid
YLLYYT,amyloid,amyloid,amyloid
LVFYQQ,amyloid,amyloid,amyloid
YTVIIE,amyloid,amyloid,amyloid
KPAESD,non-amyloid,non-amyloid,non-amyloid
FNPQGG,non-amyloid,non-amyloid,non-amyloid
NPQGGY,non-amyloid,non-amyloid,non-amyloid
TKPAES,non-amyloid,non-amyloid,non-amyloid
SWVIIE,non-amyloid,non-amyloid,amyloid
NNSGPN,amyloid,non-amyloid,non-amyloid
QANKHI,amyloid,non-amyloid,non-amyloid
QEMRHF,amyloid,non-amyloid,non-amyloid
MMHFGN,amyloid,non-amyloid,non-amyloid
ALEEYT,amyloid,non-amyloid,non-amyloid
HGFNQQ,amyloid,non-amyloid,non-amyloid
ASSSNY,amyloid,non-amyloid,non-amyloid
HSSNNF,amyloid,non-amyloid,non-amyloid
MIENIQ,amyloid,non-amyloid,non-amyloid
NIFNIT,amyloid,non-amyloid,amyloid
MIHFGN,amyloid,non-amyloid,non-amyloid
HLFNLT,amyloid,non-amyloid,amyloid
STVVIE,non-amyloid,amyloid,amyloid
ELNIYQ,non-amyloid,amyloid,non-amyloid
FTFIQF,amyloid,amyloid,amyloid
WSFYLL,non-amyloid,amyloid,amyloid
YYTEFT,non-amyloid,amyloid,non-amyloid
NTIFVQ,non-amyloid,amyloid,amyloid
DETVIV,non-amyloid,amyloid,non-amyloid
FTPTEK,non-amyloid,amyloid,non-amyloid
FQKQQK,non-amyloid,amyloid,non-amyloid
FGELFE,non-amyloid,amyloid,non-amyloid
SHVIIE,non-amyloid,amyloid,amyloid
STTIIE,non-amyloid,amyloid,amyloid
